{"sections":{"video_KzXU9U":{"type":"video","settings":{"heading":"","heading_size":"h2","enable_video_looping":true,"video_url":"","cover_image":"shopify:\/\/shop_images\/20250124175008.png","description":"","full_width":false,"color_scheme":"","padding_top":36,"padding_bottom":36}},"multirow_R8GBkT":{"type":"multirow","blocks":{"row_4ebMW9":{"type":"row","settings":{"image":"shopify:\/\/shop_images\/qq-picture-20241115143958.webp","caption":"","heading":"An Ancient Zen Treasure: 1600 Years of History in the Mountains.","text":"","button_label":"","button_link":""}}},"block_order":["row_4ebMW9"],"settings":{"image_height":"adapt","desktop_image_width":"medium","heading_size":"h1","text_style":"body","button_style":"secondary","desktop_content_position":"middle","desktop_content_alignment":"left","image_layout":"align-right","section_color_scheme":"","row_color_scheme":"","mobile_content_alignment":"left","padding_top":36,"padding_bottom":36}},"slideshow_69a4if":{"type":"slideshow","blocks":{"slide_hrgFjk":{"type":"slide","settings":{"image":"shopify:\/\/shop_images\/index_26-4.webp","heading":"","heading_size":"h1","subheading":"The Donghua Zen Temple was first built by the Venerable Indian Zen Master, Zhi-Yao San-Zang in the 6th Century A.D. It was named Lingjiu Temple. In the 7th Century A.D., Hui-Neng, the Sixth Zen Patriarch, retreated into the Donghua Mountain and renamed the temple Donghua Zen Temple.","button_label":"","link":"","button_style_secondary":false,"box_align":"top-left","show_text_box":false,"text_alignment":"left","image_overlay_opacity":0,"color_scheme":"scheme-3","text_alignment_mobile":"center"}},"slide_J69BFN":{"type":"slide","settings":{"image":"shopify:\/\/shop_images\/index_12-10.webp","heading":"图片幻灯片","heading_size":"h1","subheading":"通过图片讲述您的品牌故事","button_label":"按钮标签","link":"","button_style_secondary":false,"box_align":"bottom-right","show_text_box":false,"text_alignment":"center","image_overlay_opacity":0,"color_scheme":"scheme-4","text_alignment_mobile":"center"}}},"block_order":["slide_hrgFjk","slide_J69BFN"],"settings":{"layout":"grid","slide_height":"medium","slider_visual":"dots","auto_rotate":false,"change_slides_speed":5,"image_behavior":"none","show_text_below":true,"accessibility_info":"关于我们品牌的幻灯片"}},"collage_NRTHhF":{"type":"collage","blocks":{"image_rJVb6V":{"type":"image","settings":{"image":"shopify:\/\/shop_images\/index_12-10.webp"}},"image_D3VtJQ":{"type":"image","settings":{"image":"shopify:\/\/shop_images\/zy-img-3.webp"}},"image_U6gteP":{"type":"image","settings":{"image":"shopify:\/\/shop_images\/zy-img-2.webp"}}},"block_order":["image_rJVb6V","image_D3VtJQ","image_U6gteP"],"settings":{"heading":"<em>Embracing the timeless traditions of ancient Zen culture.<\/em>","heading_size":"h1","desktop_layout":"left","mobile_layout":"collage","card_styles":"product-card-wrapper","color_scheme":"","padding_top":36,"padding_bottom":36}},"slideshow_Vmbq6k":{"type":"slideshow","blocks":{"slide_KVUkcJ":{"type":"slide","settings":{"image":"shopify:\/\/shop_images\/20250124175412.png","heading":"","heading_size":"h1","subheading":"","button_label":"","link":"","button_style_secondary":false,"box_align":"middle-center","show_text_box":false,"text_alignment":"center","image_overlay_opacity":0,"color_scheme":"","text_alignment_mobile":"center"}}},"block_order":["slide_KVUkcJ"],"settings":{"layout":"grid","slide_height":"medium","slider_visual":"counter","auto_rotate":false,"change_slides_speed":5,"image_behavior":"none","show_text_below":true,"accessibility_info":"Slideshow about our brand"}},"multirow_GDcQqh":{"type":"multirow","blocks":{"row_KCpfR7":{"type":"row","settings":{"image":"shopify:\/\/shop_images\/index_0-3.webp","caption":"","heading":"Three Sages Cave","text":"<p>The cave beside the temple witnessed the cultivation of three great Zen masters and was thus named \"Three Sages Cave.\"<\/p>","button_label":"","button_link":""}},"row_HBMx6q":{"type":"row","settings":{"image":"shopify:\/\/shop_images\/case-img-2.webp","caption":"","heading":"Zen Master Zhi Yao Sanzang","text":"<p>In 502 AD, Zen Master Zhi Yao Sanzang established the \"Vulture Peak Temple\" there. This temple became the predecessor of Donghua Zen Temple. He completed his secluded cultivation in the cave and prophesied that over a hundred years later, a sage would return here.<\/p>","button_label":"","button_link":""}},"row_WKf8Ut":{"type":"row","settings":{"image":"shopify:\/\/shop_images\/case-img-1.webp","caption":"","heading":"Zen Master Hui-neng","text":"<p>In 661 AD, the Sixth Patriarch Huineng passed through this area. He secluded himself for a period in the Donghua Three Sages Cave. <br\/><br\/>During this time of seclusion, the Sixth Patriarch renamed Vulture Peak Temple to Donghua Zen Temple. He knocked three times on the cave wall; no one knows what it means.<\/p>","button_label":"","button_link":""}},"row_EpeTVX":{"type":"row","settings":{"image":"shopify:\/\/shop_images\/three-sages-cave-1.webp","caption":"","heading":"Zen Master Wanxing","text":"<p>In 1997 AD, Venerable Master Wanxing, who had already completed a four-year retreat, came to Mount Donghua. He felt that the energy of Three Sages Cave resonated strongly with him, so he entered another three-year retreat in Three Sages Cave. After completing the retreat, he restored Donghua Zen Temple in the Ming and Qing dynasty style. He is the current abbot of Donghua Zen Temple.<\/p>","button_label":"","button_link":""}}},"block_order":["row_KCpfR7","row_HBMx6q","row_WKf8Ut","row_EpeTVX"],"settings":{"image_height":"adapt","desktop_image_width":"medium","heading_size":"h1","text_style":"body","button_style":"secondary","desktop_content_position":"middle","desktop_content_alignment":"left","image_layout":"alternate-left","section_color_scheme":"","row_color_scheme":"","mobile_content_alignment":"left","padding_top":36,"padding_bottom":36}}},"order":["video_KzXU9U","multirow_R8GBkT","slideshow_69a4if","collage_NRTHhF","slideshow_Vmbq6k","multirow_GDcQqh"]}